id,id_publicacao,titulo,upvotes,comentarios,link,hora_envio,hora_publicacao,linguagem,interacoes
Key_Regular_4484,1j3iiwz,"Match Thread: Borussia Dortmund vs Lille OSC Live Score | UEFA Champions League | Mar 4, 2025",5,2,https://www.reddit.com/r/championsleague/comments/1j3iiwz/match_thread_borussia_dortmund_vs_lille_osc_live/,2025-03-06 17:35:32,2025-03-04 19:00:51,en,7
Key_Regular_4484,1j3iix0,"Match Thread: Real Madrid vs Atletico Madrid Live Score | UEFA Champions League | Mar 4, 2025",32,66,https://www.reddit.com/r/championsleague/comments/1j3iix0/match_thread_real_madrid_vs_atletico_madrid_live/,2025-03-06 17:36:34,2025-03-04 19:00:51,en,98
Key_Regular_4484,1j3iix2,"Match Thread: PSV Eindhoven vs Arsenal FC Live Score | UEFA Champions League | Mar 4, 2025",20,49,https://www.reddit.com/r/championsleague/comments/1j3iix2/match_thread_psv_eindhoven_vs_arsenal_fc_live/,2025-03-06 17:37:24,2025-03-04 19:00:51,en,69
Key_Regular_4484,1j3mb3i,Home and away fixtures for next round?,0,2,https://www.reddit.com/r/championsleague/comments/1j3mb3i/home_and_away_fixtures_for_next_round/,2025-03-06 17:37:53,2025-03-04 21:37:21,en,2
Key_Regular_4484,1j3mtm6,Real Madrid winning this year!!,0,45,https://www.reddit.com/r/championsleague/comments/1j3mtm6/real_madrid_winning_this_year/,2025-03-06 17:43:32,2025-03-04 21:58:28,en,45
Key_Regular_4484,1j3mxch,Rodrygo best player for Madrid at the moment!,51,51,https://www.reddit.com/r/championsleague/comments/1j3mxch/rodrygo_best_player_for_madrid_at_the_moment/,2025-03-06 17:45:57,2025-03-04 22:02:44,en,102
Key_Regular_4484,1j3n8le,First leg real madrid win !! ü§ùlolllssss,0,84,/r/championsleague/comments/1j0x6gr/is_it_just_me_who_thinks_real_wont_beat_atleti/,2025-03-06 17:48:39,2025-03-04 22:15:52,en,84
Key_Regular_4484,1j3np4h,Liverpool vs PSG Bet prediction,8,32,https://www.reddit.com/r/championsleague/comments/1j3np4h/liverpool_vs_psg_bet_prediction/,2025-03-06 17:49:09,2025-03-04 22:35:33,en,40
Key_Regular_4484,1j3nsgn,Arsenal will some how f it up,0,27,https://www.reddit.com/r/championsleague/comments/1j3nsgn/arsenal_will_some_how_f_it_up/,2025-03-06 17:53:58,2025-03-04 22:39:37,en,27
Key_Regular_4484,1j4uszq,But but Van Persie red card‚Ä¶,0,9,https://x.com/fcuefaiona/status/1117138646598062084?s=46&t=6GKz7aF7KW_e6X12dGDZkw,2025-03-06 17:55:56,2025-03-06 12:54:36,en,9
Key_Regular_4484,1j4rkk6,Did Alisson have the greatest performance in a CL game?,0,80,https://www.reddit.com/r/championsleague/comments/1j4rkk6/did_alisson_have_the_greatest_performance_in_a_cl/,2025-03-06 17:55:56,2025-03-06 09:16:30,en,80
Key_Regular_4484,1j4leep,Are PSG the most cursed team in history?,0,83,https://www.reddit.com/r/championsleague/comments/1j4leep/are_psg_the_most_cursed_team_in_history/,2025-03-06 17:55:56,2025-03-06 02:42:35,en,83
Key_Regular_4484,1j4iau2,Most Impressive Win without domination..,11,18,https://www.reddit.com/r/championsleague/comments/1j4iau2/most_impressive_win_without_domination/,2025-03-06 17:55:56,2025-03-06 00:10:53,en,29
Key_Regular_4484,1j4i6r4,Predictions based on the first legs?,9,32,https://www.reddit.com/r/championsleague/comments/1j4i6r4/predictions_based_on_the_first_legs/,2025-03-06 17:55:56,2025-03-06 00:05:33,en,41
Key_Regular_4484,1j4grf2,What a defensive work from barca defenders .Solid all along the game,6,2,https://www.reddit.com/r/championsleague/comments/1j4grf2/what_a_defensive_work_from_barca_defenders_solid/,2025-03-06 17:55:56,2025-03-05 22:58:39,en,8
Key_Regular_4484,1j4gmkq,Liverpool got hammered and still won.,0,17,https://www.reddit.com/r/championsleague/comments/1j4gmkq/liverpool_got_hammered_and_still_won/,2025-03-06 17:55:56,2025-03-05 22:53:07,en,17
Key_Regular_4484,1j4gkyl,Speed and CBS Champions League Coverage,1,1,https://www.reddit.com/r/championsleague/comments/1j4gkyl/speed_and_cbs_champions_league_coverage/,2025-03-06 17:55:56,2025-03-05 22:51:14,en,2
Key_Regular_4484,1j4ghos,So Barcelona not getting an easy path?,0,39,https://www.reddit.com/r/championsleague/comments/1j4ghos/so_barcelona_not_getting_an_easy_path/,2025-03-06 17:55:56,2025-03-05 22:47:27,en,39
Key_Regular_4484,1j4gdme,"Szczƒôsny, take a bow.",7,7,https://www.reddit.com/r/championsleague/comments/1j4gdme/szczƒôsny_take_a_bow/,2025-03-06 17:55:56,2025-03-05 22:42:45,pl,14
Key_Regular_4484,1j4g7sh,Did I get scammed by bet365 ?,78,68,https://www.reddit.com/gallery/1j4g7sh,2025-03-06 17:55:56,2025-03-05 22:36:22,da,146
Key_Regular_4484,1j4g1xc,Second legs from tonight‚Äôs fixtures,1,20,https://www.reddit.com/r/championsleague/comments/1j4g1xc/second_legs_from_tonights_fixtures/,2025-03-06 17:55:56,2025-03-05 22:29:41,en,21
Key_Regular_4484,1j4fybu,Alisson & Szczesny are insane,25,17,https://www.reddit.com/r/championsleague/comments/1j4fybu/alisson_szczesny_are_insane/,2025-03-06 17:55:56,2025-03-05 22:25:34,en,42
Key_Regular_4484,1j4fq4c,Real clown show from Benfica today.,0,12,https://www.reddit.com/r/championsleague/comments/1j4fq4c/real_clown_show_from_benfica_today/,2025-03-06 17:55:56,2025-03-05 22:16:24,en,12
Key_Regular_4484,1j4fgnv,Dumbass PSG fumbled their way to the QF,0,22,https://www.reddit.com/r/championsleague/comments/1j4fgnv/dumbass_psg_fumbled_their_way_to_the_qf/,2025-03-06 17:55:56,2025-03-05 22:06:00,en,22
Key_Regular_4484,1j4fgbm,What a game between liverpool and psg,10,4,https://www.reddit.com/r/championsleague/comments/1j4fgbm/what_a_game_between_liverpool_and_psg/,2025-03-06 17:55:56,2025-03-05 22:05:39,en,14
Key_Regular_4484,1j4fd24,"Barcelona and Liverpool win the first leg, thoughts?",220,461,https://www.reddit.com/r/championsleague/comments/1j4fd24/barcelona_and_liverpool_win_the_first_leg_thoughts/,2025-03-06 17:55:56,2025-03-05 22:02:02,en,681
Key_Regular_4484,1j4f6zq,Ok i understanding the feeling now,78,35,https://www.reddit.com/r/championsleague/comments/1j4f6zq/ok_i_understanding_the_feeling_now/,2025-03-06 17:55:56,2025-03-05 21:55:29,en,113
Key_Regular_4484,1j4f0b2,No way!!! Liverpool score!,76,45,https://www.reddit.com/r/championsleague/comments/1j4f0b2/no_way_liverpool_score/,2025-03-06 17:55:56,2025-03-05 21:47:46,en,121
Key_Regular_4484,1j4echd,Flights to Madrid 2nd leg,1,7,https://www.reddit.com/r/championsleague/comments/1j4echd/flights_to_madrid_2nd_leg/,2025-03-06 17:55:56,2025-03-05 21:21:10,en,8
Key_Regular_4484,1j4eav2,Alisson showing why he‚Äôs one of the best in the world.,303,130,https://www.reddit.com/r/championsleague/comments/1j4eav2/alisson_showing_why_hes_one_of_the_best_in_the/,2025-03-06 17:55:56,2025-03-05 21:19:23,en,433
Key_Regular_4484,1j4e6dn,How long have you put up with nepobaby Nico Cantor?,0,5,https://www.reddit.com/r/championsleague/comments/1j4e6dn/how_long_have_you_put_up_with_nepobaby_nico_cantor/,2025-03-06 17:55:56,2025-03-05 21:14:20,en,5
Key_Regular_4484,1j4dvt0,Psg is just too good,0,31,https://www.reddit.com/r/championsleague/comments/1j4dvt0/psg_is_just_too_good/,2025-03-06 17:55:56,2025-03-05 21:02:35,et,31
Key_Regular_4484,1j4dndp,Can‚Äôt emphasise how much I dislike the Bein sports panel,6,5,https://www.reddit.com/r/championsleague/comments/1j4dndp/cant_emphasise_how_much_i_dislike_the_bein_sports/,2025-03-06 17:55:56,2025-03-05 20:53:22,en,11
Key_Regular_4484,1j4d4yj,PSG v Liverpool thoughts,0,38,https://www.reddit.com/r/championsleague/comments/1j4d4yj/psg_v_liverpool_thoughts/,2025-03-06 17:55:56,2025-03-05 20:32:31,en,38
Key_Regular_4484,1j4d3zn,Yea how TF did Liverpool get away with that,78,211,https://www.reddit.com/r/championsleague/comments/1j4d3zn/yea_how_tf_did_liverpool_get_away_with_that/,2025-03-06 17:55:56,2025-03-05 20:31:26,en,289
Key_Regular_4484,1j4av0w,"Match Thread: Paris Saint-Germain vs Liverpool FC Live Score | UEFA Champions League | Mar 5, 2025",15,63,https://www.reddit.com/r/championsleague/comments/1j4av0w/match_thread_paris_saintgermain_vs_liverpool_fc/,2025-03-06 17:55:56,2025-03-05 19:00:51,en,78
Key_Regular_4484,1j4av0u,"Match Thread: SL Benfica vs FC Barcelona Live Score | UEFA Champions League | Mar 5, 2025",6,2,https://www.reddit.com/r/championsleague/comments/1j4av0u/match_thread_sl_benfica_vs_fc_barcelona_live/,2025-03-06 17:55:56,2025-03-05 19:00:51,en,8
Key_Regular_4484,1j4av0t,"Match Thread: Bayern Munich vs Bayer Leverkusen Live Score | UEFA Champions League | Mar 5, 2025",24,20,https://www.reddit.com/r/championsleague/comments/1j4av0t/match_thread_bayern_munich_vs_bayer_leverkusen/,2025-03-06 17:55:56,2025-03-05 19:00:51,en,44
Key_Regular_4484,1j48iz5,Liverpool fans assured by French police that there will be no repeat of the scenes from the 2022 Champions League final on their Paris return,35,7,https://www.liverpool.com/liverpool-fc-news/features/fans-champions-league-police-paris-31132232,2025-03-06 17:55:56,2025-03-05 17:28:43,en,42
Key_Regular_4484,1j47my1,Which match should I watch today as a neutral?,5,60,https://www.reddit.com/r/championsleague/comments/1j47my1/which_match_should_i_watch_today_as_a_neutral/,2025-03-06 17:55:56,2025-03-05 16:53:11,en,65
Key_Regular_4484,1j4485b,Is Michael Owen the worst person to win the Ballon d'Or? (2001),0,201,https://www.reddit.com/r/championsleague/comments/1j4485b/is_michael_owen_the_worst_person_to_win_the/,2025-03-06 17:55:56,2025-03-05 14:24:47,en,201
Key_Regular_4484,1j41fxy,Will Bayern win or lose tonight?,0,32,https://www.reddit.com/r/championsleague/comments/1j41fxy/will_bayern_win_or_lose_tonight/,2025-03-06 17:55:56,2025-03-05 11:59:36,en,32
Key_Regular_4484,1j40au4,Why is it that teams seem to mentally crumble against Real Madrid when it comes to playing them in the UCL?,331,427,https://www.reddit.com/r/championsleague/comments/1j40au4/why_is_it_that_teams_seem_to_mentally_crumble/,2025-03-06 17:55:56,2025-03-05 10:42:43,en,758
Key_Regular_4484,1j406l3,Which football club has the best crowd?,34,115,https://www.reddit.com/r/championsleague/comments/1j406l3/which_football_club_has_the_best_crowd/,2025-03-06 17:55:56,2025-03-05 10:33:58,en,149
Key_Regular_4484,1j3zeyg,Why Does the Champions League Bring Out the Best in Rodrygo and Modric?,20,53,https://www.reddit.com/r/championsleague/comments/1j3zeyg/why_does_the_champions_league_bring_out_the_best/,2025-03-06 17:55:56,2025-03-05 09:38:03,en,73
Key_Regular_4484,1j3wia8,Can we talk about the Brahim Diaz goal.,48,33,https://www.reddit.com/r/championsleague/comments/1j3wia8/can_we_talk_about_the_brahim_diaz_goal/,2025-03-06 17:55:56,2025-03-05 06:03:33,en,81
Key_Regular_4484,1j3qe8u,What would be the most entertaining Final match?,42,185,https://www.reddit.com/r/championsleague/comments/1j3qe8u/what_would_be_the_most_entertaining_final_match/,2025-03-06 17:55:56,2025-03-05 00:37:26,en,227
Key_Regular_4484,1j3ow93,Why PSV had this devastating loss?,206,192,https://www.reddit.com/r/championsleague/comments/1j3ow93/why_psv_had_this_devastating_loss/,2025-03-06 17:55:56,2025-03-04 23:28:01,en,398
Key_Regular_4484,1j3od4a,All MOTMs from Tuesday's RO16 Matchups,2,1,https://www.reddit.com/r/championsleague/comments/1j3od4a/all_motms_from_tuesdays_ro16_matchups/,2025-03-06 17:55:56,2025-03-04 23:04:19,en,3
Key_Regular_4484,1j3oad7,Weekly Discussion Thread,2,7,https://www.reddit.com/r/championsleague/comments/1j3oad7/weekly_discussion_thread/,2025-03-06 17:55:56,2025-03-04 23:00:56,en,9
